ID,Name,Relationship,Model,IsActive,CrossFilteringBehavior,RelyOnReferentialIntegrity,FromTable,FromColumn,FromCardinality,ToTable,ToColumn,ToCardinality,State,SecurityFilteringBehavior
5024,AutoDetected_83b9af09-1089-425a-b1e1-a9af8da3143e,'Fact_UniqueCustomer_Parts'[InvoiceKey] 1[<->]1 'dim_InvoiceLookup'[InvoiceKey],1d51a05c-f185-4ee6-8137-b66ccb7b33af,True,BothDirections,False,Fact_UniqueCustomer_Parts,InvoiceKey,One,dim_InvoiceLookup,InvoiceKey,One,,Single
5025,AutoDetected_30bfad6e-2774-46c8-8f5e-5505d48e5d90,'Fact_UniqueCustomer_Parts'[CustomerKey] *[<-]1 'dim_CustomerList'[CustomerKey],1d51a05c-f185-4ee6-8137-b66ccb7b33af,True,OneDirection,False,Fact_UniqueCustomer_Parts,CustomerKey,Many,dim_CustomerList,CustomerKey,One,,Single
5031,AutoDetected_98a29a65-67ce-479b-b252-55c66472ada2,'Fact_UniqueCustomer_Parts'[Branch] *[<-]1 'dim_BranchLocation'[BranchID],1d51a05c-f185-4ee6-8137-b66ccb7b33af,True,OneDirection,False,Fact_UniqueCustomer_Parts,Branch,Many,dim_BranchLocation,BranchID,One,,Single
5026,AutoDetected_2bf6d3c9-a494-49c9-9b1e-73737e75d3fc,'Fact_Part_Transactions'[CustomerKey] *[<-]1 'dim_CustomerList'[CustomerKey],1d51a05c-f185-4ee6-8137-b66ccb7b33af,True,OneDirection,False,Fact_Part_Transactions,CustomerKey,Many,dim_CustomerList,CustomerKey,One,,Single
5027,AutoDetected_77b09deb-4fb2-4d0f-9c7c-57a3668ab21e,'Fact_Part_Transactions'[BranchKey] *[<-]1 'dim_BranchLocation'[BranchKey],1d51a05c-f185-4ee6-8137-b66ccb7b33af,True,OneDirection,False,Fact_Part_Transactions,BranchKey,Many,dim_BranchLocation,BranchKey,One,,Single
5028,AutoDetected_7e8187b5-7d20-4e97-b9eb-cd1be7d8fab5,'Fact_Part_Transactions'[FranchiseKey] *[<-]1 'dim_Franchise'[FranchiseKey],1d51a05c-f185-4ee6-8137-b66ccb7b33af,True,OneDirection,False,Fact_Part_Transactions,FranchiseKey,Many,dim_Franchise,FranchiseKey,One,,Single
5029,AutoDetected_e2cc1a3e-c0d5-475b-a993-dacb68ee8a90,'Fact_Part_Transactions'[PartNumber] *[<-]1 'dim_Parts'[PartNumber],1d51a05c-f185-4ee6-8137-b66ccb7b33af,True,OneDirection,False,Fact_Part_Transactions,PartNumber,Many,dim_Parts,PartNumber,One,,Single
5181,887a4b68-4ba9-c694-7720-6d21fb78fba4,'Fact_Part_Transactions'[TransactionDate] *[<-]1 'dim_DateTable'[Date],1d51a05c-f185-4ee6-8137-b66ccb7b33af,True,OneDirection,False,Fact_Part_Transactions,TransactionDate,Many,dim_DateTable,Date,One,,Single
5024,AutoDetected_83b9af09-1089-425a-b1e1-a9af8da3143e,'dim_InvoiceLookup'[InvoiceKey] 1[<->]1 'Fact_UniqueCustomer_Parts'[InvoiceKey],1d51a05c-f185-4ee6-8137-b66ccb7b33af,True,BothDirections,False,dim_InvoiceLookup,InvoiceKey,One,Fact_UniqueCustomer_Parts,InvoiceKey,One,,Single
