ID,Name,Table,DataType,DataCategory,Description,IsHidden,IsUnique,IsKey,IsNullable,Alignment,SummarizeBy,ColumnStorage,Type,SourceColumn,Expression,FormatString,IsAvailableInMDX,SortByColumn,GroupingBehavior,SourceProviderType,DisplayFolder,AlternateOf,LineageTag
33,contact_code,ArMaster_Customer_Unique,Text,Regular,,False,False,False,True,Default,None,,Data,contact_code,,,True,,GroupOnValue,,,,8377ee8f-f021-4448-befc-53e99dd99909
34,Trade Type,ArMaster_Customer_Unique,Text,Regular,,False,False,False,True,Default,None,,Data,Trade Type,,,True,,GroupOnValue,,,,3f3ad6df-4ab9-424b-9804-e9c39375d052
37,surname,ArMaster_Customer_Unique,Text,Regular,,False,False,False,True,Default,None,,Data,surname,,,True,,GroupOnValue,,,,455c10a4-bad4-428d-a882-a39e66396258
38,first name,ArMaster_Customer_Unique,Text,Regular,,False,False,False,True,Default,None,,Data,first name,,,True,,GroupOnValue,,,,9150505b-cf88-4258-b42a-821539c02856
39,Company Name,ArMaster_Customer_Unique,Text,Regular,,False,False,False,True,Default,None,,Data,Company Name,,,True,,GroupOnValue,,,,ac895990-dda7-4d3d-8472-e4537208086d
40,Name,ArMaster_Customer_Unique,Text,Regular,,False,False,False,True,Default,None,,Data,Name,,,True,,GroupOnValue,,,,f80fe9c1-2696-41cf-8338-a6a9eb7844fb
42,BRANCH,InTrans_Unique,Text,Regular,,False,False,False,True,Default,None,,Data,BRANCH,,,True,,GroupOnValue,,,,82434592-d973-43f8-97b9-17aa876f545b
43,FRANCHISE,InTrans_Unique,Text,Regular,,False,False,False,True,Default,None,,Data,FRANCHISE,,,True,,GroupOnValue,,,,28a77804-310f-4e6d-bda3-64c988ca12f6
46,Customer No,InTrans_Unique,Text,Regular,,False,False,False,True,Default,None,,Data,Customer No,,,True,,GroupOnValue,,,,5b6a4ccd-0d99-4a6e-8c45-ff825a60f416
14436,DESCRIPTION,InTrans_Unique,Text,Regular,,False,False,False,True,Default,None,,Data,DESCRIPTION,,,True,,GroupOnValue,,,,b31f2f70-77c9-4e48-bc75-ade4d5eb2f8e
14437,JOB_TYPE,InTrans_Unique,Text,Regular,,False,False,False,True,Default,None,,Data,JOB_TYPE,,,True,,GroupOnValue,,,,bac41a40-a161-40e1-859f-b6bbde787d51
14438,Type,InTrans_Unique,Text,Regular,,False,False,False,True,Default,None,,Data,Type,,,True,,GroupOnValue,,,,57900293-a598-489e-85ac-02ed977f04af
17456,REF_NO,InTrans_Unique,Text,Regular,,False,False,False,True,Default,None,,Data,REF_NO,,,True,,GroupOnValue,,,,1d39fdec-b27e-4842-90e9-5a752cc20690
64,LocationID,Dim_Branch,Text,Regular,,False,False,False,True,Default,None,,Data,LocationID,,,True,,GroupOnValue,,,,8a6c4e6f-9c8b-4ce8-b7de-5664dba82884
65,City,Dim_Branch,Text,Regular,,False,False,False,True,Default,None,,Data,City,,,True,,GroupOnValue,,,,8f369aea-7db1-4ec1-8cc1-4e7dad70bc16
66,State,Dim_Branch,Text,Regular,,False,False,False,True,Default,None,,Data,State,,,True,,GroupOnValue,,,,a4bd85f2-405e-4f6e-b16b-4907f8e880a7
67,BRANCH,Dim_Branch,Text,Regular,,False,False,False,True,Default,None,,Data,BRANCH,,,True,,GroupOnValue,,,,60fcf91d-211b-4330-8b8a-2c38095626e8
68,Sub-Branch,Dim_Branch,Text,Regular,,False,False,False,True,Default,None,,Data,Sub-Branch,,,True,,GroupOnValue,,,,7d4858ba-0110-4715-be72-84f5e850cadc
18789,invo_type,Invoice,Text,Regular,,False,False,False,True,Default,None,,Data,invo_type,,,True,,GroupOnValue,,,,779f148e-c0e9-4063-9b96-d50e720896b6
18791,cust_ord_no,Invoice,Text,Regular,,False,False,False,True,Default,None,,Data,cust_ord_no,,,True,,GroupOnValue,,,,01e7c324-e9a3-41e7-96c5-6d2fe6a23546
18800,customer_no,Invoice,Text,Regular,,False,False,False,True,Default,None,,Data,customer_no,,,True,,GroupOnValue,,,,20d83370-ed7b-497f-8b4a-46eb59b0cf20
18802,surname,Invoice,Text,Regular,,False,False,False,True,Default,None,,Data,surname,,,True,,GroupOnValue,,,,b807b4b2-8055-4eef-b1a5-945e49e36771
18803,Name,Invoice,Text,Regular,,False,False,False,True,Default,None,,Data,Name,,,True,,GroupOnValue,,,,8a28fa2a-a49f-4575-b589-1ec493b279d0
18804,company_name,Invoice,Text,Regular,,False,False,False,True,Default,None,,Data,company_name,,,True,,GroupOnValue,,,,8bf47397-a34e-40d0-9919-3d908e9fa0d3
20884,BRANCH,Invoice,Text,Regular,,False,False,False,True,Default,None,,Data,BRANCH,,,True,,GroupOnValue,,,,7f33afe5-dad1-4456-8326-b341c796f875
24871,Name,Current-Measures,Text,Regular,,False,False,False,True,Default,None,,CalculatedTableColumn,Name,,,True,,GroupOnValue,,,,74cff828-28a5-4800-8c89-ad74aa25e151
24873,Table,Current-Measures,Text,Regular,,False,False,False,True,Default,None,,CalculatedTableColumn,Table,,,True,,GroupOnValue,,,,9f2402aa-1921-4a8c-b1c0-c80bd552d5ba
24875,DESCRIPTION,Current-Measures,Text,Regular,,False,False,False,True,Default,None,,CalculatedTableColumn,DESCRIPTION,,,True,,GroupOnValue,,,,7036f6fe-648d-46fb-ae59-f2d6c6ae1fc9
24877,DataType,Current-Measures,Text,Regular,,False,False,False,True,Default,None,,CalculatedTableColumn,DataType,,,True,,GroupOnValue,,,,10079eac-e6d5-4c11-95f4-0c576dff643a
24879,Expression,Current-Measures,Text,Regular,,False,False,False,True,Default,None,,CalculatedTableColumn,Expression,,,True,,GroupOnValue,,,,7a288564-afde-43af-9f13-1ac762ef0ca8
24881,FormatString,Current-Measures,Text,Regular,,False,False,False,True,Default,None,,CalculatedTableColumn,FormatString,,,True,,GroupOnValue,,,,23d57c42-6152-45e3-8241-68671c588eaa
24885,State,Current-Measures,Text,Regular,,False,False,False,True,Default,None,,CalculatedTableColumn,State,,,True,,GroupOnValue,,,,63891468-e038-44ee-b384-fda5f6032d53
24891,DisplayFolder,Current-Measures,Text,Regular,,False,False,False,True,Default,None,,CalculatedTableColumn,DisplayFolder,,,True,,GroupOnValue,,,,f2155648-3f11-4df6-aab7-7de3d7567e0f
24893,DetailRowsDefinition,Current-Measures,Text,Regular,,False,False,False,True,Default,None,,CalculatedTableColumn,DetailRowsDefinition,,,True,,GroupOnValue,,,,c30a6b28-7fc8-4b3d-861d-fd79b01ed175
24895,DataCategory,Current-Measures,Text,Regular,,False,False,False,True,Default,None,,CalculatedTableColumn,DataCategory,,,True,,GroupOnValue,,,,11047e4d-6910-4b5e-b72c-7ab1e4923445
24897,FormatStringDefinition,Current-Measures,Text,Regular,,False,False,False,True,Default,None,,CalculatedTableColumn,FormatStringDefinition,,,True,,GroupOnValue,,,,53a5262d-0671-40b3-a577-98726816bc10
24899,LineageTag,Current-Measures,Text,Regular,,False,False,False,True,Default,None,,CalculatedTableColumn,LineageTag,,,True,,GroupOnValue,,,,93c66aa8-59fb-423d-bc16-5c609d593410
26767,Name,Current-Tables,Text,Regular,,False,False,False,True,Default,None,,CalculatedTableColumn,Name,,,True,,GroupOnValue,,,,e8a5d9dd-f2a6-4026-8c9d-ef2e80c7df33
26769,Model,Current-Tables,Text,Regular,,False,False,False,True,Default,None,,CalculatedTableColumn,Model,,,True,,GroupOnValue,,,,15f2082a-700c-4174-a60b-5a6e626f899a
26771,DataCategory,Current-Tables,Text,Regular,,False,False,False,True,Default,None,,CalculatedTableColumn,DataCategory,,,True,,GroupOnValue,,,,28105d8d-0ebe-403b-a353-f6c7d7c389aa
26773,DESCRIPTION,Current-Tables,Text,Regular,,False,False,False,True,Default,None,,CalculatedTableColumn,DESCRIPTION,,,True,,GroupOnValue,,,,77bd41cd-b319-4bd1-b747-09ab6d0a1da7
26777,StorageMode,Current-Tables,Text,Regular,,False,False,False,True,Default,None,,CalculatedTableColumn,StorageMode,,,True,,GroupOnValue,,,,20266df3-f6ff-472b-9832-f017b9424b57
26779,TableStorage,Current-Tables,Text,Regular,,False,False,False,True,Default,None,,CalculatedTableColumn,TableStorage,,,True,,GroupOnValue,,,,cc738ef4-08f7-4113-b528-d6aec0f02adc
26781,Expression,Current-Tables,Text,Regular,,False,False,False,True,Default,None,,CalculatedTableColumn,Expression,,,True,,GroupOnValue,,,,93f59d6e-6da8-47ec-b71d-67aa5b59d809
26789,LineageTag,Current-Tables,Text,Regular,,False,False,False,True,Default,None,,CalculatedTableColumn,LineageTag,,,True,,GroupOnValue,,,,5a31b376-0e54-4c7b-8c21-7fe5564fb1f8
28105,Name,Current-Relationships,Text,Regular,,False,False,False,True,Default,None,,CalculatedTableColumn,Name,,,True,,GroupOnValue,,,,a0e87470-fb7f-4834-99a4-1b55b30e1a4f
28107,Relationship,Current-Relationships,Text,Regular,,False,False,False,True,Default,None,,CalculatedTableColumn,Relationship,,,True,,GroupOnValue,,,,258e7169-c9d8-4eb4-9abc-0c16d3558af1
28109,Model,Current-Relationships,Text,Regular,,False,False,False,True,Default,None,,CalculatedTableColumn,Model,,,True,,GroupOnValue,,,,da28bf65-9bf5-4534-8350-ac29fbe95fe8
28113,CrossFilteringBehavior,Current-Relationships,Text,Regular,,False,False,False,True,Default,None,,CalculatedTableColumn,CrossFilteringBehavior,,,True,,GroupOnValue,,,,d559cc94-e754-419f-90dd-3b6ac2fc2032
28117,FromTable,Current-Relationships,Text,Regular,,False,False,False,True,Default,None,,CalculatedTableColumn,FromTable,,,True,,GroupOnValue,,,,71b3513a-a120-46c8-b2d8-44bdb4d38d5a
28119,FromColumn,Current-Relationships,Text,Regular,,False,False,False,True,Default,None,,CalculatedTableColumn,FromColumn,,,True,,GroupOnValue,,,,3ad7ff23-4a73-49bd-a24e-fff097076ab9
28121,FromCardinality,Current-Relationships,Text,Regular,,False,False,False,True,Default,None,,CalculatedTableColumn,FromCardinality,,,True,,GroupOnValue,,,,8aafa107-4753-49d5-8967-b8e253088589
28123,ToTable,Current-Relationships,Text,Regular,,False,False,False,True,Default,None,,CalculatedTableColumn,ToTable,,,True,,GroupOnValue,,,,67c5c86c-547a-4ee7-8db2-695aaedd18bd
28125,ToColumn,Current-Relationships,Text,Regular,,False,False,False,True,Default,None,,CalculatedTableColumn,ToColumn,,,True,,GroupOnValue,,,,52544283-7134-4873-b76a-f7655317989e
28127,ToCardinality,Current-Relationships,Text,Regular,,False,False,False,True,Default,None,,CalculatedTableColumn,ToCardinality,,,True,,GroupOnValue,,,,34c15743-ecc4-4970-921c-8a18c37a5b55
28129,State,Current-Relationships,Text,Regular,,False,False,False,True,Default,None,,CalculatedTableColumn,State,,,True,,GroupOnValue,,,,394c2a99-7fb0-4846-bc80-d8a783bd0f5c
28131,SecurityFilteringBehavior,Current-Relationships,Text,Regular,,False,False,False,True,Default,None,,CalculatedTableColumn,SecurityFilteringBehavior,,,True,,GroupOnValue,,,,68025a54-0017-4fdb-8c83-6931db0aeaf4
29761,Name,Current-Columns,Text,Regular,,False,False,False,True,Default,None,,CalculatedTableColumn,Name,,,True,,GroupOnValue,,,,c420bcb0-14e6-465d-b0c6-c66f7f24f77c
29763,Table,Current-Columns,Text,Regular,,False,False,False,True,Default,None,,CalculatedTableColumn,Table,,,True,,GroupOnValue,,,,aa863954-cef7-4413-aa6e-5848573a8642
29765,DataType,Current-Columns,Text,Regular,,False,False,False,True,Default,None,,CalculatedTableColumn,DataType,,,True,,GroupOnValue,,,,9dbe274f-d75e-4517-ab16-58c966e628cd
29767,DataCategory,Current-Columns,Text,Regular,,False,False,False,True,Default,None,,CalculatedTableColumn,DataCategory,,,True,,GroupOnValue,,,,9b5a1501-3528-49ca-9716-12c0d5b181e6
29769,DESCRIPTION,Current-Columns,Text,Regular,,False,False,False,True,Default,None,,CalculatedTableColumn,DESCRIPTION,,,True,,GroupOnValue,,,,0ca35a86-9cc8-47df-895c-1ca191abc8b1
29779,Alignment,Current-Columns,Text,Regular,,False,False,False,True,Default,None,,CalculatedTableColumn,Alignment,,,True,,GroupOnValue,,,,16c23e6c-b8f8-4ee3-92c9-4714fe3fc54f
29781,SummarizeBy,Current-Columns,Text,Regular,,False,False,False,True,Default,None,,CalculatedTableColumn,SummarizeBy,,,True,,GroupOnValue,,,,82d2150f-1c6e-4008-9cf7-b4c5545b1d6e
29783,ColumnStorage,Current-Columns,Text,Regular,,False,False,False,True,Default,None,,CalculatedTableColumn,ColumnStorage,,,True,,GroupOnValue,,,,02ffeb9f-6d2e-45be-87f8-88544bdd4258
29785,Type,Current-Columns,Text,Regular,,False,False,False,True,Default,None,,CalculatedTableColumn,Type,,,True,,GroupOnValue,,,,d90e377e-8fa0-4398-b9c9-869b1027196b
29787,SourceColumn,Current-Columns,Text,Regular,,False,False,False,True,Default,None,,CalculatedTableColumn,SourceColumn,,,True,,GroupOnValue,,,,8b04fbf1-fbe6-4dfa-8ea5-1889776701b2
29789,Expression,Current-Columns,Text,Regular,,False,False,False,True,Default,None,,CalculatedTableColumn,Expression,,,True,,GroupOnValue,,,,db6e2040-7a22-4035-b36d-2889ef43b5fd
29791,FormatString,Current-Columns,Text,Regular,,False,False,False,True,Default,None,,CalculatedTableColumn,FormatString,,,True,,GroupOnValue,,,,e1d4fe78-e562-48e0-80a0-f2eb34b5a0a6
29795,SortByColumn,Current-Columns,Text,Regular,,False,False,False,True,Default,None,,CalculatedTableColumn,SortByColumn,,,True,,GroupOnValue,,,,fb605a88-5bc1-4310-bff7-ef6b4bef590a
29797,GroupingBehavior,Current-Columns,Text,Regular,,False,False,False,True,Default,None,,CalculatedTableColumn,GroupingBehavior,,,True,,GroupOnValue,,,,fb80bcae-4e02-454e-a59c-de2bd0b81172
29799,SourceProviderType,Current-Columns,Text,Regular,,False,False,False,True,Default,None,,CalculatedTableColumn,SourceProviderType,,,True,,GroupOnValue,,,,a9dc0ae1-5635-4d5d-a3c7-5bf74ee79bd5
29801,DisplayFolder,Current-Columns,Text,Regular,,False,False,False,True,Default,None,,CalculatedTableColumn,DisplayFolder,,,True,,GroupOnValue,,,,271ccc98-c289-4a63-9f39-a4a8922024db
29803,AlternateOf,Current-Columns,Text,Regular,,False,False,False,True,Default,None,,CalculatedTableColumn,AlternateOf,,,True,,GroupOnValue,,,,0f4a56a8-9bf7-4335-8ab6-959b36efdefc
29805,LineageTag,Current-Columns,Text,Regular,,False,False,False,True,Default,None,,CalculatedTableColumn,LineageTag,,,True,,GroupOnValue,,,,16fdac39-3748-46c5-ac2c-3f1fcbbf1017
63,BranchID,Dim_Branch,Text,Regular,,False,True,False,False,Default,None,,Data,BranchID,,,True,,GroupOnValue,,,,845ee5aa-cf80-4392-b246-a90b0b6e9b4b
18790,document_no,Invoice,Text,Regular,,False,True,False,False,Default,None,,Data,document_no,,,True,,GroupOnValue,,,,66479bc4-a71c-46e4-84b5-f900a9304cee
47,Sales_Val,InTrans_Unique,Number,Regular,,False,False,False,True,Default,Sum,,Data,Sales_Val,,,True,,GroupOnValue,,,,de9d21db-d0c7-4894-b523-b51f74dec924
48,Cost,InTrans_Unique,Number,Regular,,False,False,False,True,Default,Sum,,Data,Cost,,,True,,GroupOnValue,,,,25ad333c-ab32-4642-987a-83abb10b5489
18805,parts_sale_val,Invoice,Number,Regular,,False,False,False,True,Default,Sum,,Data,parts_sale_val,,,True,,GroupOnValue,,,,51ef64ed-3055-417e-b556-e972b50de0e8
18806,parts_cost_val,Invoice,Number,Regular,,False,False,False,True,Default,Sum,,Data,parts_cost_val,,,True,,GroupOnValue,,,,b4ebeed6-55c3-49bb-8fe2-5840a30a8d3e
18807,labour_sale_val,Invoice,Number,Regular,,False,False,False,True,Default,Sum,,Data,labour_sale_val,,,True,,GroupOnValue,,,,3f095428-1c8d-4e77-abc3-35a3b8058b27
18808,labour_cost_val,Invoice,Number,Regular,,False,False,False,True,Default,Sum,,Data,labour_cost_val,,,True,,GroupOnValue,,,,b5331c30-8861-4cb9-9334-e9b035a375bf
18809,Merchant_No,Invoice,Number,Regular,,False,False,False,True,Default,Sum,,Data,Merchant_No,,,True,,GroupOnValue,,,,459cf32b-4644-4f09-a7da-98787ce2fef8
18810,Billing_Code,Invoice,Number,Regular,,False,False,False,True,Default,Count,,Data,Billing_Code,,,True,,GroupOnValue,,,,fa5e3b05-e481-4694-b100-378de048f60a
35,Customer No,ArMaster_Customer_Unique,Integer,Regular,,False,True,False,False,Default,None,,Data,Customer No,,0,True,,GroupOnValue,,,,07cb96ee-55a3-4fd2-a581-03b088547c10
36,Account No,ArMaster_Customer_Unique,Integer,Regular,,False,False,False,True,Default,None,,Data,Account No,,0,True,,GroupOnValue,,,,a12e4b9f-95ab-43da-b8bd-a46c18a6bec8
44,Trans_Datetime,InTrans_Unique,Date,Regular,,False,False,False,True,Default,None,,Data,Trans_Datetime,,Long Date,True,,GroupOnValue,,,,05216821-37b0-41fa-9169-f7c1921f7144
45,ORDER_DATE,InTrans_Unique,Date,Regular,,False,False,False,True,Default,None,,Data,ORDER_DATE,,Long Date,True,,GroupOnValue,,,,61d2c9d4-186d-4d5c-bb25-4333dd239f28
69,Date,dDate,Date,Regular,,False,True,True,False,Default,None,,CalculatedTableColumn,Date,,Short Date,True,,GroupOnValue,,,,e07f13c1-18cf-488c-8863-7b9cd935f006
12428,CurrentDateTime,Data Refresh,Date,Regular,,False,False,False,True,Default,None,,Data,CurrentDateTime,,General Date,True,,GroupOnValue,,,,a18aa9fa-f73d-4d17-8606-dcb43165b724
12436,Date,Data Refresh,Date,Regular,,False,False,False,True,Default,None,,Data,Date,,Long Date,True,,GroupOnValue,,,,5807e1af-19e2-409b-a644-55766e6a77e5
12444,Time,Data Refresh,Date,Regular,,False,False,False,True,Default,None,,Data,Time,,Long Time,True,,GroupOnValue,,,,ec64afb7-b8c0-44dc-81cf-2cd8654c8550
18792,invo_datetime,Invoice,Date,Regular,,False,False,False,True,Default,None,,Data,invo_datetime,,General Date,True,,GroupOnValue,,,,9c501f62-7165-4c79-a7e3-0a2fd4ef1c89
18801,ro_number,Invoice,Integer,Regular,,False,False,False,True,Default,Sum,,Data,ro_number,,0,True,,GroupOnValue,,,,b5968f83-763b-4a24-a869-1f1cf0ae8bf3
18811,ORD_CREATED_ON,Invoice,Date,Regular,,False,False,False,True,Default,None,,Data,ORD_CREATED_ON,,General Date,True,,GroupOnValue,,,,7dcf1427-6d5a-4c51-85ca-55ac6f8b8a7f
24869,ID,Current-Measures,Integer,Regular,,False,False,False,True,Default,Count,,CalculatedTableColumn,ID,,0,True,,GroupOnValue,,,,f6c2029d-a849-4699-bca5-b7efddfc81a5
24883,IsHidden,Current-Measures,True/False,Regular,,False,False,False,True,Default,None,,CalculatedTableColumn,IsHidden,,"""TRUE"";""TRUE"";""FALSE""",True,,GroupOnValue,,,,0414f3b0-11c3-41a3-9c05-38667e55c8a4
24887,KPIID,Current-Measures,Integer,Regular,,False,False,False,True,Default,Count,,CalculatedTableColumn,KPIID,,0,True,,GroupOnValue,,,,f590c150-ad98-4aa6-ade3-b84b6d73e631
24889,IsSimpleMeasure,Current-Measures,True/False,Regular,,False,False,False,True,Default,None,,CalculatedTableColumn,IsSimpleMeasure,,"""TRUE"";""TRUE"";""FALSE""",True,,GroupOnValue,,,,0b05da1d-ca7a-4454-819c-9c22017a2ccb
26765,ID,Current-Tables,Integer,Regular,,False,False,False,True,Default,Count,,CalculatedTableColumn,ID,,0,True,,GroupOnValue,,,,3ebdc102-aa5d-43e2-b11b-68cf9ad03caa
26775,IsHidden,Current-Tables,True/False,Regular,,False,False,False,True,Default,None,,CalculatedTableColumn,IsHidden,,"""TRUE"";""TRUE"";""FALSE""",True,,GroupOnValue,,,,03ec6b2f-535b-4484-910e-be39c4fd56e8
26783,ShowAsVariationOnly,Current-Tables,True/False,Regular,,False,False,False,True,Default,None,,CalculatedTableColumn,ShowAsVariationOnly,,"""TRUE"";""TRUE"";""FALSE""",True,,GroupOnValue,,,,2d7fbd8d-e18a-4cf2-92ee-28a4f5498d28
26785,IsPrivate,Current-Tables,True/False,Regular,,False,False,False,True,Default,None,,CalculatedTableColumn,IsPrivate,,"""TRUE"";""TRUE"";""FALSE""",True,,GroupOnValue,,,,3172b779-ed86-4ee5-bf95-4cb0df412c45
26787,CalculationGroupPrecedence,Current-Tables,Integer,Regular,,False,False,False,True,Default,Sum,,CalculatedTableColumn,CalculationGroupPrecedence,,0,True,,GroupOnValue,,,,d120a51f-9a37-49d4-bcb1-10ee34a90812
28103,ID,Current-Relationships,Integer,Regular,,False,False,False,True,Default,Count,,CalculatedTableColumn,ID,,0,True,,GroupOnValue,,,,721a0bbf-8433-46bc-a5d4-5d2b82b5884e
28111,IsActive,Current-Relationships,True/False,Regular,,False,False,False,True,Default,None,,CalculatedTableColumn,IsActive,,"""TRUE"";""TRUE"";""FALSE""",True,,GroupOnValue,,,,6fb1f753-bbae-447b-86a6-eef2112f0b7f
28115,RelyOnReferentialIntegrity,Current-Relationships,True/False,Regular,,False,False,False,True,Default,None,,CalculatedTableColumn,RelyOnReferentialIntegrity,,"""TRUE"";""TRUE"";""FALSE""",True,,GroupOnValue,,,,df88191f-f896-43ec-a320-f831dfbf444a
29759,ID,Current-Columns,Integer,Regular,,False,False,False,True,Default,Count,,CalculatedTableColumn,ID,,0,True,,GroupOnValue,,,,0d9537d9-0a7d-4735-907e-d6a5bef27f13
29771,IsHidden,Current-Columns,True/False,Regular,,False,False,False,True,Default,None,,CalculatedTableColumn,IsHidden,,"""TRUE"";""TRUE"";""FALSE""",True,,GroupOnValue,,,,aa6717ad-79f4-4400-b0af-cea37f0fda33
29773,IsUnique,Current-Columns,True/False,Regular,,False,False,False,True,Default,None,,CalculatedTableColumn,IsUnique,,"""TRUE"";""TRUE"";""FALSE""",True,,GroupOnValue,,,,19e1a0e4-333b-4818-aca8-298ed251b070
29775,IsKey,Current-Columns,True/False,Regular,,False,False,False,True,Default,None,,CalculatedTableColumn,IsKey,,"""TRUE"";""TRUE"";""FALSE""",True,,GroupOnValue,,,,83bacfcf-de18-459a-b206-c3f8e68d0812
29777,IsNullable,Current-Columns,True/False,Regular,,False,False,False,True,Default,None,,CalculatedTableColumn,IsNullable,,"""TRUE"";""TRUE"";""FALSE""",True,,GroupOnValue,,,,c313be7b-1ed6-4a81-902c-38a3c5671398
29793,IsAvailableInMDX,Current-Columns,True/False,Regular,,False,False,False,True,Default,None,,CalculatedTableColumn,IsAvailableInMDX,,"""TRUE"";""TRUE"";""FALSE""",True,,GroupOnValue,,,,4d768f90-9ae9-40fb-86b4-44ff73f136ae
11,RowNumber-2662979B-1795-4F74-8F37-6A1BA8059B61,ArMaster_Customer_Unique,Integer,RowNumber,,True,True,True,False,Default,Default,,RowNumber,RowNumber-2662979B-1795-4F74-8F37-6A1BA8059B61,,,True,,GroupOnValue,,,,
14,RowNumber-2662979B-1795-4F74-8F37-6A1BA8059B61,InTrans_Unique,Integer,RowNumber,,True,True,True,False,Default,Default,,RowNumber,RowNumber-2662979B-1795-4F74-8F37-6A1BA8059B61,,,True,,GroupOnValue,,,,
17,RowNumber-2662979B-1795-4F74-8F37-6A1BA8059B61,DateTableTemplate_c7a5ea64-3720-4f31-91e7-1201a8751d3b,Integer,RowNumber,,True,True,True,False,Default,Default,,RowNumber,RowNumber-2662979B-1795-4F74-8F37-6A1BA8059B61,,,True,,GroupOnValue,,,,
49,Date,DateTableTemplate_c7a5ea64-3720-4f31-91e7-1201a8751d3b,Date,PaddedDateTableDates,,True,False,False,True,Default,None,,CalculatedTableColumn,Date,,,True,,GroupOnValue,,,,f879f255-8ba3-4fdb-a1ed-6b5c19c4128f
20,RowNumber-2662979B-1795-4F74-8F37-6A1BA8059B61,LocalDateTable_0655d974-09ee-46e2-ba6c-a086cb5334ad,Integer,RowNumber,,True,True,True,False,Default,Default,,RowNumber,RowNumber-2662979B-1795-4F74-8F37-6A1BA8059B61,,,True,,GroupOnValue,,,,
56,Date,LocalDateTable_0655d974-09ee-46e2-ba6c-a086cb5334ad,Date,PaddedDateTableDates,,True,True,False,False,Default,None,,CalculatedTableColumn,Date,,,True,,GroupOnValue,,,,75d28fc3-9c10-4ebe-9830-2deb273d052d
23,RowNumber-2662979B-1795-4F74-8F37-6A1BA8059B61,Dim_Branch,Integer,RowNumber,,True,True,True,False,Default,Default,,RowNumber,RowNumber-2662979B-1795-4F74-8F37-6A1BA8059B61,,,True,,GroupOnValue,,,,
26,RowNumber-2662979B-1795-4F74-8F37-6A1BA8059B61,dDate,Integer,RowNumber,,True,True,False,False,Default,Default,,RowNumber,RowNumber-2662979B-1795-4F74-8F37-6A1BA8059B61,,,True,,GroupOnValue,,,,
12418,RowNumber-2662979B-1795-4F74-8F37-6A1BA8059B61,Data Refresh,Integer,RowNumber,,True,True,True,False,Default,Default,,RowNumber,RowNumber-2662979B-1795-4F74-8F37-6A1BA8059B61,,,True,,GroupOnValue,,,,
12421,RowNumber-2662979B-1795-4F74-8F37-6A1BA8059B61,LocalDateTable_8d63468f-7d5d-4a39-b374-3fcf357d3f4c,Integer,RowNumber,,True,True,True,False,Default,Default,,RowNumber,RowNumber-2662979B-1795-4F74-8F37-6A1BA8059B61,,,True,,GroupOnValue,,,,
12429,Date,LocalDateTable_8d63468f-7d5d-4a39-b374-3fcf357d3f4c,Date,PaddedDateTableDates,,True,True,False,False,Default,None,,CalculatedTableColumn,Date,,,True,,GroupOnValue,,,,7f87180c-6d87-4476-8495-db76a2f24442
12424,RowNumber-2662979B-1795-4F74-8F37-6A1BA8059B61,LocalDateTable_bf295660-9da0-414b-bdae-d352954fbff2,Integer,RowNumber,,True,True,True,False,Default,Default,,RowNumber,RowNumber-2662979B-1795-4F74-8F37-6A1BA8059B61,,,True,,GroupOnValue,,,,
12437,Date,LocalDateTable_bf295660-9da0-414b-bdae-d352954fbff2,Date,PaddedDateTableDates,,True,True,False,False,Default,None,,CalculatedTableColumn,Date,,,True,,GroupOnValue,,,,c020e1d2-14be-49e3-9b5c-14305a7607b4
18779,RowNumber-2662979B-1795-4F74-8F37-6A1BA8059B61,Invoice,Integer,RowNumber,,True,True,True,False,Default,Default,,RowNumber,RowNumber-2662979B-1795-4F74-8F37-6A1BA8059B61,,,True,,GroupOnValue,,,,
18782,RowNumber-2662979B-1795-4F74-8F37-6A1BA8059B61,LocalDateTable_e14db3da-cc03-4963-a493-b0007f85cf82,Integer,RowNumber,,True,True,True,False,Default,Default,,RowNumber,RowNumber-2662979B-1795-4F74-8F37-6A1BA8059B61,,,True,,GroupOnValue,,,,
18793,Date,LocalDateTable_e14db3da-cc03-4963-a493-b0007f85cf82,Date,PaddedDateTableDates,,True,True,False,False,Default,None,,CalculatedTableColumn,Date,,,True,,GroupOnValue,,,,3d38e5f5-c169-4dbe-b4bc-b441bb78b4b9
18785,RowNumber-2662979B-1795-4F74-8F37-6A1BA8059B61,LocalDateTable_ee29c4b7-06c8-4300-a4ae-b29967c75b51,Integer,RowNumber,,True,True,True,False,Default,Default,,RowNumber,RowNumber-2662979B-1795-4F74-8F37-6A1BA8059B61,,,True,,GroupOnValue,,,,
18812,Date,LocalDateTable_ee29c4b7-06c8-4300-a4ae-b29967c75b51,Date,PaddedDateTableDates,,True,True,False,False,Default,None,,CalculatedTableColumn,Date,,,True,,GroupOnValue,,,,af575298-f4bf-4499-8623-5cd6416471c3
24820,RowNumber-2662979B-1795-4F74-8F37-6A1BA8059B61,Current-Measures,Integer,RowNumber,,True,True,True,False,Default,Default,,RowNumber,RowNumber-2662979B-1795-4F74-8F37-6A1BA8059B61,,,True,,GroupOnValue,,,,
26387,RowNumber-2662979B-1795-4F74-8F37-6A1BA8059B61,Current-Tables,Integer,RowNumber,,True,True,True,False,Default,Default,,RowNumber,RowNumber-2662979B-1795-4F74-8F37-6A1BA8059B61,,,True,,GroupOnValue,,,,
27480,RowNumber-2662979B-1795-4F74-8F37-6A1BA8059B61,Current-Relationships,Integer,RowNumber,,True,True,True,False,Default,Default,,RowNumber,RowNumber-2662979B-1795-4F74-8F37-6A1BA8059B61,,,True,,GroupOnValue,,,,
29136,RowNumber-2662979B-1795-4F74-8F37-6A1BA8059B61,Current-Columns,Integer,RowNumber,,True,True,True,False,Default,Default,,RowNumber,RowNumber-2662979B-1795-4F74-8F37-6A1BA8059B61,,,True,,GroupOnValue,,,,
41,Customer,ArMaster_Customer_Unique,Text,Regular,,False,False,False,True,Default,None,,Calculated,,"'ArMaster_Customer_Unique'[Name] & ""-"" & 'ArMaster_Customer_Unique'[Company Name]",,True,,GroupOnValue,,,,f06315c7-7860-4b37-979a-b42e4e8d83ac
15775,Sales Type,InTrans_Unique,Text,Regular,,False,False,False,True,Default,None,,Calculated,,"
IF(
    CONTAINSSTRING( InTrans_Unique[DESCRIPTION], ""Inv No."" ),
    ""Work Order"",
    ""Over the Counter""
)",,True,,GroupOnValue,,,,ccb11067-f934-43b8-ab84-5dff395c1e1e
50,Year,DateTableTemplate_c7a5ea64-3720-4f31-91e7-1201a8751d3b,Integer,Years,,True,False,False,True,Default,None,,Calculated,,YEAR([Date]),,True,,GroupOnValue,,,,a469f72b-7dc8-4eca-b300-3f4696583240
51,MonthNo,DateTableTemplate_c7a5ea64-3720-4f31-91e7-1201a8751d3b,Integer,MonthOfYear,,True,False,False,True,Default,None,,Calculated,,MONTH([Date]),,True,,GroupOnValue,,,,3b7d849e-ce26-4b22-9657-0130af0cc4cd
52,Month,DateTableTemplate_c7a5ea64-3720-4f31-91e7-1201a8751d3b,Text,Months,,True,False,False,True,Default,None,,Calculated,,"FORMAT([Date], ""MMMM"")",,True,MonthNo,GroupOnValue,,,,8dc62a39-4ad9-4a12-bbf2-c36ee9941f41
53,QuarterNo,DateTableTemplate_c7a5ea64-3720-4f31-91e7-1201a8751d3b,Integer,QuarterOfYear,,True,False,False,True,Default,None,,Calculated,,INT(([MonthNo] + 2) / 3),,True,,GroupOnValue,,,,9d7ddccd-82ba-4c13-b50d-833a1767b559
54,Quarter,DateTableTemplate_c7a5ea64-3720-4f31-91e7-1201a8751d3b,Text,Quarters,,True,False,False,True,Default,None,,Calculated,,"""Qtr "" & [QuarterNo]",,True,QuarterNo,GroupOnValue,,,,0237ec1c-f0c2-486a-9d85-814833f88de6
55,Day,DateTableTemplate_c7a5ea64-3720-4f31-91e7-1201a8751d3b,Integer,DayOfMonth,,True,False,False,True,Default,None,,Calculated,,DAY([Date]),,True,,GroupOnValue,,,,d442afce-7594-455a-b7fa-d5676cfc17f4
57,Year,LocalDateTable_0655d974-09ee-46e2-ba6c-a086cb5334ad,Integer,Years,,True,False,False,True,Default,None,,Calculated,,YEAR([Date]),,True,,GroupOnValue,,,,6ce62342-a0d4-49f9-a756-d5d4484e8266
58,MonthNo,LocalDateTable_0655d974-09ee-46e2-ba6c-a086cb5334ad,Integer,MonthOfYear,,True,False,False,True,Default,None,,Calculated,,MONTH([Date]),,True,,GroupOnValue,,,,03629dd5-b431-4917-8064-378fa5861053
59,Month,LocalDateTable_0655d974-09ee-46e2-ba6c-a086cb5334ad,Text,Months,,True,False,False,True,Default,None,,Calculated,,"FORMAT([Date], ""MMMM"")",,True,MonthNo,GroupOnValue,,,,d35356e1-bbf8-4192-b77c-7f3708333841
60,QuarterNo,LocalDateTable_0655d974-09ee-46e2-ba6c-a086cb5334ad,Integer,QuarterOfYear,,True,False,False,True,Default,None,,Calculated,,INT(([MonthNo] + 2) / 3),,True,,GroupOnValue,,,,6a5ded57-bdfb-4be9-9bcc-0d42c8ff37f7
61,Quarter,LocalDateTable_0655d974-09ee-46e2-ba6c-a086cb5334ad,Text,Quarters,,True,False,False,True,Default,None,,Calculated,,"""Qtr "" & [QuarterNo]",,True,QuarterNo,GroupOnValue,,,,8badfd8b-2438-4980-9e6d-7b97a9ea1790
62,Day,LocalDateTable_0655d974-09ee-46e2-ba6c-a086cb5334ad,Integer,DayOfMonth,,True,False,False,True,Default,None,,Calculated,,DAY([Date]),,True,,GroupOnValue,,,,1fd73f7f-a896-4419-b085-9520091bfbc1
70,MonthNumber,dDate,Integer,Regular,,False,False,False,True,Default,None,,Calculated,,MONTH(dDate[Date]),0,True,,GroupOnValue,,,,e4cae64a-a865-4a2e-b4a1-2b4a9c8ddacd
71,Month,dDate,Text,Regular,,False,False,False,True,Default,None,,Calculated,,"FORMAT(dDate[Date],""mmm"")",,True,MonthNumber,GroupOnValue,,,,a86284fc-36e2-4a62-80d0-c5c90772e19e
72,Year,dDate,Integer,Regular,,False,False,False,True,Default,None,,Calculated,,YEAR(dDate[Date]),0,True,,GroupOnValue,,,,1e620955-604f-475a-bed9-441eb3c77351
12430,Year,LocalDateTable_8d63468f-7d5d-4a39-b374-3fcf357d3f4c,Integer,Years,,True,False,False,True,Default,None,,Calculated,,YEAR([Date]),,True,,GroupOnValue,,,,99961d53-c913-49fa-847e-e67856cff2f3
12431,MonthNo,LocalDateTable_8d63468f-7d5d-4a39-b374-3fcf357d3f4c,Integer,MonthOfYear,,True,False,False,True,Default,None,,Calculated,,MONTH([Date]),,True,,GroupOnValue,,,,4af2f402-41f8-4d54-936a-a92588b7347b
12432,Month,LocalDateTable_8d63468f-7d5d-4a39-b374-3fcf357d3f4c,Text,Months,,True,False,False,True,Default,None,,Calculated,,"FORMAT([Date], ""MMMM"")",,True,MonthNo,GroupOnValue,,,,43ce5f67-5520-451b-91f0-e7788722e08b
12433,QuarterNo,LocalDateTable_8d63468f-7d5d-4a39-b374-3fcf357d3f4c,Integer,QuarterOfYear,,True,False,False,True,Default,None,,Calculated,,INT(([MonthNo] + 2) / 3),,True,,GroupOnValue,,,,5759ae37-498f-47a5-ba1e-1e48d73774ff
12434,Quarter,LocalDateTable_8d63468f-7d5d-4a39-b374-3fcf357d3f4c,Text,Quarters,,True,False,False,True,Default,None,,Calculated,,"""Qtr "" & [QuarterNo]",,True,QuarterNo,GroupOnValue,,,,1b15ae40-7a2c-46d9-9fbb-c17a0e3530e0
12435,Day,LocalDateTable_8d63468f-7d5d-4a39-b374-3fcf357d3f4c,Integer,DayOfMonth,,True,False,False,True,Default,None,,Calculated,,DAY([Date]),,True,,GroupOnValue,,,,5a31a7e2-52bc-4bb6-b272-9afd1a945227
12438,Year,LocalDateTable_bf295660-9da0-414b-bdae-d352954fbff2,Integer,Years,,True,False,False,True,Default,None,,Calculated,,YEAR([Date]),,True,,GroupOnValue,,,,31fc5559-3df7-4ce5-ab8a-b2be509ef552
12439,MonthNo,LocalDateTable_bf295660-9da0-414b-bdae-d352954fbff2,Integer,MonthOfYear,,True,False,False,True,Default,None,,Calculated,,MONTH([Date]),,True,,GroupOnValue,,,,adc937bd-7a6d-462e-a084-07ddb8dada4d
12440,Month,LocalDateTable_bf295660-9da0-414b-bdae-d352954fbff2,Text,Months,,True,False,False,True,Default,None,,Calculated,,"FORMAT([Date], ""MMMM"")",,True,MonthNo,GroupOnValue,,,,a6b1180f-74f9-4e3e-911e-2bfb856e84a7
12441,QuarterNo,LocalDateTable_bf295660-9da0-414b-bdae-d352954fbff2,Integer,QuarterOfYear,,True,False,False,True,Default,None,,Calculated,,INT(([MonthNo] + 2) / 3),,True,,GroupOnValue,,,,adc230ea-ba93-4780-82ae-b15156b16d1d
12442,Quarter,LocalDateTable_bf295660-9da0-414b-bdae-d352954fbff2,Text,Quarters,,True,False,False,True,Default,None,,Calculated,,"""Qtr "" & [QuarterNo]",,True,QuarterNo,GroupOnValue,,,,35b5c3e2-086c-49cb-aa2c-b86260892d67
12443,Day,LocalDateTable_bf295660-9da0-414b-bdae-d352954fbff2,Integer,DayOfMonth,,True,False,False,True,Default,None,,Calculated,,DAY([Date]),,True,,GroupOnValue,,,,d3ff20cb-4bb0-43cd-bb42-5f4eb68837a6
22613,Sales Type,Invoice,Text,Regular,,False,False,False,True,Default,None,,Calculated,,"
VAR _DescText = 
    CALCULATE(
        MAX( InTrans_Unique[DESCRIPTION] ),
        FILTER(
            InTrans_Unique,
            InTrans_Unique[REF_NO] = Invoice[document_no]
        )
    )
RETURN
    IF(
        CONTAINSSTRING( _DescText, ""Inv No.""),
        ""Work Order"",
        ""Over the Counter""
    )",,True,,GroupOnValue,,,,15560825-ce4f-4c18-9416-335227d79d1a
18794,Year,LocalDateTable_e14db3da-cc03-4963-a493-b0007f85cf82,Integer,Years,,True,False,False,True,Default,None,,Calculated,,YEAR([Date]),,True,,GroupOnValue,,,,7cc14293-fd7b-45f6-bf6e-3ced8d0d8076
18795,MonthNo,LocalDateTable_e14db3da-cc03-4963-a493-b0007f85cf82,Integer,MonthOfYear,,True,False,False,True,Default,None,,Calculated,,MONTH([Date]),,True,,GroupOnValue,,,,1c519f6e-fac6-489e-a6b6-b28a017a5744
18796,Month,LocalDateTable_e14db3da-cc03-4963-a493-b0007f85cf82,Text,Months,,True,False,False,True,Default,None,,Calculated,,"FORMAT([Date], ""MMMM"")",,True,MonthNo,GroupOnValue,,,,36b29739-001e-4cdb-9003-5ea3d62ec49c
18797,QuarterNo,LocalDateTable_e14db3da-cc03-4963-a493-b0007f85cf82,Integer,QuarterOfYear,,True,False,False,True,Default,None,,Calculated,,INT(([MonthNo] + 2) / 3),,True,,GroupOnValue,,,,720860c9-b8da-4beb-92f1-8f3d7cdd8892
18798,Quarter,LocalDateTable_e14db3da-cc03-4963-a493-b0007f85cf82,Text,Quarters,,True,False,False,True,Default,None,,Calculated,,"""Qtr "" & [QuarterNo]",,True,QuarterNo,GroupOnValue,,,,aaf1e073-8c06-49fd-a5c2-4446e22f512a
18799,Day,LocalDateTable_e14db3da-cc03-4963-a493-b0007f85cf82,Integer,DayOfMonth,,True,False,False,True,Default,None,,Calculated,,DAY([Date]),,True,,GroupOnValue,,,,297edc83-53c1-4493-b9e3-85c32e099f1b
18813,Year,LocalDateTable_ee29c4b7-06c8-4300-a4ae-b29967c75b51,Integer,Years,,True,False,False,True,Default,None,,Calculated,,YEAR([Date]),,True,,GroupOnValue,,,,a3f41847-77d9-493c-b2f3-68e667de343c
18814,MonthNo,LocalDateTable_ee29c4b7-06c8-4300-a4ae-b29967c75b51,Integer,MonthOfYear,,True,False,False,True,Default,None,,Calculated,,MONTH([Date]),,True,,GroupOnValue,,,,3644c608-3436-4472-9d90-fd864b4a0203
18815,Month,LocalDateTable_ee29c4b7-06c8-4300-a4ae-b29967c75b51,Text,Months,,True,False,False,True,Default,None,,Calculated,,"FORMAT([Date], ""MMMM"")",,True,MonthNo,GroupOnValue,,,,a4be143a-85cc-482e-804a-ac341ccbf4ce
18816,QuarterNo,LocalDateTable_ee29c4b7-06c8-4300-a4ae-b29967c75b51,Integer,QuarterOfYear,,True,False,False,True,Default,None,,Calculated,,INT(([MonthNo] + 2) / 3),,True,,GroupOnValue,,,,a8fcf9df-990f-4ca3-b99d-c890e21cdcf4
18817,Quarter,LocalDateTable_ee29c4b7-06c8-4300-a4ae-b29967c75b51,Text,Quarters,,True,False,False,True,Default,None,,Calculated,,"""Qtr "" & [QuarterNo]",,True,QuarterNo,GroupOnValue,,,,c11315d3-e857-4e82-bf69-83e63e53bf7d
18818,Day,LocalDateTable_ee29c4b7-06c8-4300-a4ae-b29967c75b51,Integer,DayOfMonth,,True,False,False,True,Default,None,,Calculated,,DAY([Date]),,True,,GroupOnValue,,,,412572d4-657b-43e3-953c-4ef72dac7388
